{
    "val/loss": 0.12296749651432037,
    "train/loss": 0.1268121749162674,
    "epochs_time": 0.02344536781311035
}