{
    "val/loss": 0.0008724512881599367,
    "train/loss": 0.0008829445578157902,
    "epochs_time": 0.014645099639892578
}