{
    "val/loss": 0.0232133436948061,
    "train/loss": 0.01757882721722126,
    "epochs_time": 0.01429295539855957
}