{
    "val/loss": 0.000675356772262603,
    "train/loss": 0.0006527657969854772,
    "epochs_time": 0.014815807342529297
}