{
    "val/loss": 0.0013280111597850919,
    "train/loss": 0.0017122349236160517,
    "epochs_time": 0.013966798782348633
}